{"cameraMode":{"drawMode":0,"name":"Shaded","section":"Shading Mode"},"sceneLighting":true,"audioPlay":false,"sceneViewState":{"m_AlwaysRefresh":false,"showFog":true,"showSkybox":true,"showFlares":true,"showImageEffects":true,"showParticleSystems":true,"showVisualEffectGraphs":true,"m_FxEnabled":true},"in2DMode":false,"pivot":{"x":-1.334191083908081,"y":0.058735013008117679,"z":2.1538498401641847},"rotation":{"x":-0.31578880548477175,"y":0.011950778774917126,"z":-0.003983538597822189,"w":-0.9487614035606384},"size":8.100473403930664,"orthographic":false}